chromosome|start|stop|locus|variant_sub_type|ID|name|clinical_significance|conditions|genes|gene_related_diseases|variants|num_unique_samples_tested|population_summary|frequency|platforms|algorithms|studies|inner_rank|review_status|VariationID|AlleleID(s)|deletion_observations|deletion_frequency|deletion_standard_error|duplication_observations|duplication_frequency|duplication_standard_error|standard_error|number_case_population|number_case_individuals|data_source
1|10001|127330||Gain|gssvG13||||||30|67|African 19:Asian 3:European 7:Mexican 0:MiddleEast 0:NativeAmerican 0:NorthAmerican 0:Oceania 0:SouthAmerican 0:Turkish 0:Admixed 0:Unknown 1|0.4478|AgilentCustom_015685+015686+244K,NimbleGen42M|2|Perry2008,Conrad2009|7|||||||||||||DGV
1|10001|127330||Gain|gssvG13||||||30|67|African 19:Asian 3:European 7:Mexican 0:MiddleEast 0:NativeAmerican 0:NorthAmerican 0:Oceania 0:SouthAmerican 0:Turkish 0:Admixed 0:Unknown 1|0.4478|AgilentCustom_015685+015686+244K,NimbleGen42M|2|Perry2008,Conrad2009|7|||||||||||||DGV
1|10001|127330||Gain|gssvG13||||||30|67|African 19:Asian 3:European 7:Mexican 0:MiddleEast 0:NativeAmerican 0:NorthAmerican 0:Oceania 0:SouthAmerican 0:Turkish 0:Admixed 0:Unknown 1|0.4478|AgilentCustom_015685+015686+244K,NimbleGen42M|2|Perry2008,Conrad2009|7|||||||||||||DGV
1|10001|82189||Gain|gssvG19||||||13|67|African 3:Asian 1:European 9:Mexican 0:MiddleEast 0:NativeAmerican 0:NorthAmerican 0:Oceania 0:SouthAmerican 0:Turkish 0:Admixed 0:Unknown 0|0.194|AgilentCustom_015685+015686+244K,NimbleGen42M|2|Perry2008,Conrad2009|7|||||||||||||DGV
1|10001|82189||Gain|gssvG19||||||13|67|African 3:Asian 1:European 9:Mexican 0:MiddleEast 0:NativeAmerican 0:NorthAmerican 0:Oceania 0:SouthAmerican 0:Turkish 0:Admixed 0:Unknown 0|0.194|AgilentCustom_015685+015686+244K,NimbleGen42M|2|Perry2008,Conrad2009|7|||||||||||||DGV
1|10001|82189||Gain|gssvG19||||||13|67|African 3:Asian 1:European 9:Mexican 0:MiddleEast 0:NativeAmerican 0:NorthAmerican 0:Oceania 0:SouthAmerican 0:Turkish 0:Admixed 0:Unknown 0|0.194|AgilentCustom_015685+015686+244K,NimbleGen42M|2|Perry2008,Conrad2009|7|||||||||||||DGV
1|10001|10077413|1p36.33-p36.22|Deletion|||||||||||||||||||||||||5|80|sfari
1|10499|235938||Gain|gssvG9||||||13|1149|African 4:Asian 0:European 9:Mexican 0:MiddleEast 0:NativeAmerican 0:NorthAmerican 0:Oceania 0:SouthAmerican 0:Turkish 0:Admixed 0:Unknown 0|0.0113|Affymetrix6.0,NimbleGen42M|2|Vogler2010,Conrad2009|7|||||||||||||DGV
1|10499|235938||Gain|gssvG9||||||13|1149|African 4:Asian 0:European 9:Mexican 0:MiddleEast 0:NativeAmerican 0:NorthAmerican 0:Oceania 0:SouthAmerican 0:Turkish 0:Admixed 0:Unknown 0|0.0113|Affymetrix6.0,NimbleGen42M|2|Vogler2010,Conrad2009|7|||||||||||||DGV
1|10499|235938||Gain|gssvG9||||||13|1149|African 4:Asian 0:European 9:Mexican 0:MiddleEast 0:NativeAmerican 0:NorthAmerican 0:Oceania 0:SouthAmerican 0:Turkish 0:Admixed 0:Unknown 0|0.0113|Affymetrix6.0,NimbleGen42M|2|Vogler2010,Conrad2009|7|||||||||||||DGV
1|10529|177368|||||||||3|40||0.075|||42M calls|||||0|0|1|3|0.075|0.555277708|0.555277708|||decipher
1|13516|91073|||||||||27|40||0.675|||42M calls|||||0|0|1|27|0.675|0.109713431|0.109713431|||decipher
1|18888|35451|||||||||2|845||0.002366864|||DDD|||||0|0|1|2|0.002366864|0.706269473|0.706269473|||decipher
1|19225|4401691|1p36.33-36.32|gain|VCV000393899|chr1:19225-4401691)x3|Pathogenic|See cases|"OR4F16|CCNL2|TAS1R3|ATAD3B|PLEKHN1|CFAP74|ACAP3|UBE2J2|PUSL1|B3GALT6|TPRG1L|PRXL2B|ACTRT2|MIB2|SAMD11|CCDC27|CALML6|FAAP20|ATAD3C|TTLL10|C1orf174|KLHL17|TMEM240|TMEM52|AGRN|C1QTNF12|HES5|SMIM1|RNF223|MIR200A|MIR200B|ANKRD65|MIR429|TMEM88B|FNDC10|MIR551A|CDK11A|SLC35E2B|OR4F29|TTC34|CDK11B|DFFB|DVL1|MEGF6|GABRD|GNB1|PEX10|PRKCZ|SCNN1D|SKI|TP73|TNFRSF4|MMP23B|TNFRSF14|TNFRSF18|ISG15|PLCH2|CEP104|SLC35E2A|RER1|NOC2L|ARHGEF16|SSU72|WRAP73|SDF4|MXRA8|INTS11|C1orf159|AURKAIP1|MRPL20|ATAD3A|PANK4|LRRC47|HES4|PRDM16|VWA1|NADK|MMEL1|OR4F5|MORN1|CPTP"||||||||||no assertion criteria provided|393899|380792||||||||||clinvar
1|21064|35983||Gain|gssvG53||||||12|40|African 6:Asian 2:European 2:Mexican 0:MiddleEast 0:NativeAmerican 0:NorthAmerican 0:Oceania 1:SouthAmerican 1:Turkish 0:Admixed 0:Unknown 0|0.3|AgilentCustom_015685+015686+244K,Illumina_HiSeq|2|Perry2008,Sudmant2013|8|||||||||||||DGV
1|21064|35983||Gain|gssvG53||||||12|40|African 6:Asian 2:European 2:Mexican 0:MiddleEast 0:NativeAmerican 0:NorthAmerican 0:Oceania 1:SouthAmerican 1:Turkish 0:Admixed 0:Unknown 0|0.3|AgilentCustom_015685+015686+244K,Illumina_HiSeq|2|Perry2008,Sudmant2013|8|||||||||||||DGV
1|21064|35983||Gain|gssvG53||||||12|40|African 6:Asian 2:European 2:Mexican 0:MiddleEast 0:NativeAmerican 0:NorthAmerican 0:Oceania 1:SouthAmerican 1:Turkish 0:Admixed 0:Unknown 0|0.3|AgilentCustom_015685+015686+244K,Illumina_HiSeq|2|Perry2008,Sudmant2013|8|||||||||||||DGV
1|23946|88271|||||||||48|845||0.056804734|||DDD|||||27|0.031952663|0.189350482|21|0.024852071|0.215489247|0.140178106|||decipher
1|25112|233565|||||||||30|845||0.035502959|||DDD|||||16|0.018934911|0.247621825|14|0.016568047|0.265037996|0.179303936|||decipher
1|30322|35509|||||||||2|845||0.002366864|||DDD|||||1|0.001183432|0.999408109|1|0.001183432|0.999408109|0.706269473|||decipher
1|35462|35534|||||||||1|845||0.001183432|||DDD|||||0|0|1|1|0.001183432|0.999408109|0.999408109|||decipher
1|40718|731985|||||||||87|845||0.10295858|||DDD|||||38|0.044970414|0.158531882|49|0.057988166|0.138653277|0.101542213|||decipher
1|46501|71800||Gain|gssvG35||||||2|31|African 0:Asian 1:European 0:Mexican 0:MiddleEast 0:NativeAmerican 0:NorthAmerican 0:Oceania 0:SouthAmerican 0:Turkish 1:Admixed 0:Unknown 0|0.0645|AgilentCustom_015685+015686+244K,Illumina_HiSeq|2|Perry2008,Dogan2014|8|||||||||||||DGV
1|46501|71800||Gain|gssvG35||||||2|31|African 0:Asian 1:European 0:Mexican 0:MiddleEast 0:NativeAmerican 0:NorthAmerican 0:Oceania 0:SouthAmerican 0:Turkish 1:Admixed 0:Unknown 0|0.0645|AgilentCustom_015685+015686+244K,Illumina_HiSeq|2|Perry2008,Dogan2014|8|||||||||||||DGV
1|46501|71800||Gain|gssvG35||||||2|31|African 0:Asian 1:European 0:Mexican 0:MiddleEast 0:NativeAmerican 0:NorthAmerican 0:Oceania 0:SouthAmerican 0:Turkish 1:Admixed 0:Unknown 0|0.0645|AgilentCustom_015685+015686+244K,Illumina_HiSeq|2|Perry2008,Dogan2014|8|||||||||||||DGV
1|47851|714038|1p36.33|gain|VCV000612158|chr1:47851-714038)x3|Benign(Last reviewed: Feb 20, 2012)|not provided|"OR4F5|OR4F16|OR4F29"||||||||||no assertion criteria provided|612158|603494||||||||||clinvar
1|47851|249228449|1p36.33-q44|gain|VCV000599659|chr1:47851-249228449)x3|Pathogenic(Last reviewed: Jan 1, 2013)|not provided|"FOXJ3|KHDC4|WDR47|KIFAP3|ATF6|SCMH1|AKR7A3|TTC39A|SPEN|KDM1A|RBM34|USP33|WDTC1|KIF21B|NMNAT2|EMC1|KIF1B|NFASC|POGZ|COLGALT2|MAST2|NCDN|CLCC1|SLC35D1|RGL1|PLEKHM2|SYT11|PRRC2C|FBXO28|RPRD2|OTUD3|KAZN|CAMTA1|ADGRL2|CAMSAP2|KIAA1107|TUT4|SZT2|DNAJC16|UBR4|USP24|SRGAP2|SMG5|NCSTN|ATP13A2|CRB1|ITGB3BP|GPR161|TARDBP|CELA3B|SLC35A3|ABCB10|ICMT|MACF1|LRRC8B|ZNF281|SNAPIN|LPAR3|PADI4|DDAH1|TMEM50A|OPN3|PHLDA3|RUSC1|CA14|KPNA6|SSBP3|STX12|DSTYK|RAB3GAP2|CFAP45|LMOD1|MPC2|TRIM58|INTS7|OLFML2B|AHCTF1|C1orf43|CLIC4|NSL1|SYF2|RWDD3|PARS2|MMACHC|ZZZ3|ACOT11|CHD5|DNM3|TOR1AIP1|CHTOP|SZRD1|LDLRAP1|SERBP1|NOC2L|OR1C1|PTPN22|PHGDH|FBXO2|LCE2B|OR2M4|OR2L2|OPTC|FBXO6|PLA2G2D|AK5|MYCBP|OR10J1|HEYL|AGO1|OR2T1|RPS6KC1|RNF11|USP21|FOXD3|UTP25|TRAPPC3|TAF5L|CACYBP|HSPB7|CHIA|SLC39A1|DISC2|DISC1|ARHGEF16|AHDC1|RNF115|KLHL20|TEKT2|SMPDL3B|ANGPTL3|LAMTOR2|FLVCR1|UBE2T|CNIH4|SSU72|TMOD4|GNL2|GPSM2|UBIAD1|PYCR2|NME7|ALG6|NENF|PADI1|IL19|CERS2|SLC25A24|PLA2G2E|DNTTIP2|WRAP73|CRNN|G0S2|IL20|SLC45A1|DCAF8|HP1BP3|F11R|TMED5|RRP15|GLRX2|BOLA1|DESI2|CELA2B|ZNF593|ZBTB7B|ZNF691|TXNDC12|TNNI3K|RRNAD1|ADIPOR1|SCCPDH|SH3GLB1|MECR|APH1A|UTP11|TRIM17|KCTD3|SDF4|MRTO4|PLEKHO1|HAO2|ACP6|TMEM69|MRPL37|IER5|HOOK1|SNX7|UCHL5|SUCO|HPCAL4|YTHDF2|GPR89B|HSD17B7|UFC1|DTL|ZCCHC17|TRIM33|EEF1AKNMT|DPH5|HSPB11|OAZ3|PADI3|CYB5R1|CMPK1|ARID4B|CD244|GPR88|ERRFI1|DPM3|WNT4|YIPF1|FBXO42|MRPS21|TRMT13|TMCO1|ADAMTSL4|CRCT1|RNF186|SPATA6|EGLN1|MXRA8|L1TD1|HES2|MAP10|RSBN1|ZNHIT6|GPN2|LEPROT|FBLIM1|MED18|TRIT1|GIPC2|SWT1|GDAP2|TENT5C|GON4L|GPATCH4|PALMD|FNBP1L|ST7L|SLC66A1|CASZ1|LAX1|RHBDL2|DUSP23|ADPRS|TRNAU1AP|ODR4|C1orf109|C1orf56|INTS11|CZIB|C1orf159|MTARC2|AURKAIP1|TTC22|MRPL20|CRYBG2|SUSD4|KIF26B|TMEM51|RALGPS2|GPATCH2|BSDC1|XKR8|TMEM39B|PRPF38B|HEATR1|CDCA8|LRRC8D|MSTO1|DARS2|ARHGEF10L|PRMT6|RNF220|VPS13D|EVA1B|GOLPH3L|ATAD3A|MACO1|KLHDC8A|TRIM62|ETNK2|RAVER2|PANK4|KIRREL1|PACC1|YY1AP1|ECHDC2|FGGY|MCOLN3|SLC22A15|YOD1|CAMK2N1|BATF3|SLC30A10|UBE2Q1|RNPC3|ITLN1|ASAP3|POMGNT1|PNRC2|LRRC40|DEPDC1|PIGV|ZNF692|NBPF1|IARS2|MAP7D1|IPO9|NDC1|NECAP2|IQCC|C1orf112|HHAT|DNAJC11|ENAH|NUP133|RCOR3|INAVA|LRIF1|MINDY1|ADCY10|DCAF6|ASH1L|LENEP|CTTNBP2NL|RCC2|INKA2|DMAP1|AJAP1|GNG12|SLC50A1|TMEM234|MTFR1L|SERTAD4|KYAT3|ERO1B|FMN2|SLAMF8|CDC42SE1|UBQLN4|TMEM167B|OLFML3|SMYD2|LHX9|OTUD7B|COQ8A|CTNNBIP1|RSRP1|AGTRAP|PITHD1|RAB25|PGLYRP4|ZNF695|RHBG|MAN1C1|SCYL3|GJC2|CAMK1G|NIPAL3|SELENON|ATP8B2|VANGL2|PBXIP1|S100A14|PLEKHG5|GATAD2B|AMIGO1|LRRC47|ODF2L|CGN|KIAA1324|DISP3|IGSF9|LRRC7|SIPA1L2|KIF17|ZNF687|ZSWIM5|POGK|KIAA1522|HCN3|CACHD1|MIER1|KIAA1614|BRINP2|HES4|CCDC181|GRHL3|SLAMF7|ZP4|CADM3|PTBP2|RHOU|PRUNE1|DNASE2B|DLGAP3|IL22RA1|HIVEP3|KLHL12|LGR6|GPBP1L1|HAPLN2|MIIP|GAS5|PAPPA2|CELA2A|BCAN|GPATCH3|TNN|MRPS14|DMRTB1|DMRTA2|CLSPN|PRDM16|OXCT2|RRAGC|ADGRL4|TINAGL1|P3H1|TFB2M|SEMA4A|TOR3A|COP1|GREM2|RGS18|PLA2G2F|MFSD14A|NUCKS1|SMAP2|ACBD3|SMYD3|ATPAF1|MTARC1|S100PBP|MEAF6|RBM15|EXO5|CEP85|ARV1|NMNAT1|ELOVL1|AIDA|VWA1|DCLRE1B|MRPS15|MRPL9|PINK1|JMJD4|MARCKSL1|PRAMEF1|PRAMEF2|INTS3|NADK|ZFP69B|COA7|PHACTR4|AUNIP|SCNM1|ERI3|C1orf50|WDR77|C1orf116|CCDC28B|C1orf35|EFHD2|MMEL1|CPLANE2|FCRL2|OR4F5|NKAIN1|TTC13|EPS8L3|CDC73|MRPL24|MUL1|PGBD5|TNFAIP8L2|C1orf54|TMEM53|AKIRIN1|HECTD3|BEND5|VTCN1|YRDC|ZYG11B|NOL9|PPCS|LIN28A|SH3D21|TTLL7|SNIP1|C1orf115|HHIPL2|VASH2|AGMAT|WDR78|ZMYM1|ZNF669|RPAP2|ZNF672|MORN1|FAM110D|KIAA0319L|DHDDS|PAQR6|DENND2D|WLS|PCNX2|GPR157|TRIM46|MROH9|RPF1|SIKE1|ZC3H12A|SPSB1|TARS2|WDR26|TRIM45|EDEM3|FLAD1|TRAF3IP3|CPTP|ZNF436|TAS1R2|TAS1R1|SH3BP5L|NPL|GJA9|OR4F16|OR6N2|OR6K2|OR2L5|OR2G3|OR2G2|OR2C3|SYNC|CFHR5|TRIM11|C1orf21|ACTL8|ANKRD13C|NECTIN4|SNX27|ANP32E|SHCBP1L|TRMT1L|TSSK3|CCNL2|NUAK2|VANGL1|ST6GALNAC5|ISG20L2|HYI|FCRL5|FCRL4|SH3BGRL3|DDX59|NUF2|RASSF5|SESN2|ESPN|TAS1R3|ATAD3B|HMCN1|GPR61|MIXL1|STK40|SPRTN|TM2D1|FCAMR|REG4|OBSCN|TMEM222|TEX35|PLEKHN1|HORMAD1|TOMM40L|SYDE2|ZNF644|USP48|ZMYND12|NBPF3|LRRC8C|ZDHHC18|SGIP1|POLR3GL|SLC25A33|TMEM79|NTPCR|EFCAB2|DDI2|ACBD6|LZIC|PROK1|MAP3K21|EFCAB7|ZBTB37|NT5C1A|LCE3D|TRIM63|PSRC1|FAM167B|FCRLA|ZNF496|HPDL|AGBL4|MFSD2A|C1orf198|PPP1R15B|ATG4C|MAEL|PRPF38A|SYTL1|IGSF21|LSM10|C1orf94|DISP1|STRIP1|RGS8|SLC45A3|DOCK7|CFAP74|WNT3A|NAV1|SEC16B|AQP10|LHX4|SLAMF9|KIAA2013|THAP3|STPG1|PYGO2|ANGEL2|SPOCD1|ZNF697|IGFN1|NUP210L|BTF3L4|UBXN11|NEXN|CENPL|DUSP27|RCSD1|MEX3A|METTL18|GORAB|C1orf105|TMEM183A|H2AW|PIGM|IGSF8|C1orf158|LEMD1|ZNF670|FBXO44|ATP5IF1|GLMP|MED8|KTI12|SMIM12|AZIN2|TMEM54|HENMT1|TOE1|NLRP3|ERMAP|PGLYRP3|CSMD2|MYSM1|FHAD1|SLAMF6|OSBPL9|SLC26A9|OMA1|RAB42|FCRL1|FCRL3|LRRC42|GBP4|GBP5|TENT5B|COX20|RBP7|TSEN15|NIBAN1|SNAP47|ACAP3|TADA1|THEM4|SH2D1B|SSX2IP|UBE2J2|OLFM3|GABPB2|TCHHL1|RPTN|TDRD10|SHE|KDF1|CCSAP|LRRC38|AADACL3|PUSL1|B3GALT6|WDR63|KLHDC9|ABCA4|ABL2|ACADM|AXDND1|MAB21L3|IFFO2|H3C14|SLC44A3|ATXN7L2|ACTA1|ACTN2|ADAR|ADORA1|ADORA3|PARP1|C1orf194|LYPLAL1|OR2M5|OR2M3|OR2T12|OR14C36|ADSS2|AGL|AGT|AK2|AK4|ALDH9A1|OR2T34|OR2T10|OR2T4|OR2T11|ATP6V1G3|ASB17|ALPL|ALX3|AMPD1|AMPD2|AMY1A|AMY1B|TYW3|ERICH3|LRRIQ3|TPRG1L|PRXL2B|MYOM3|AMY1C|AMY2A|AMY2B|APCS|APOA2|FASLG|DMBX1|OR10J5|TMCO2|ZNF684|TCEANC2|PODN|ARF1|RHOC|ARNT|ASTN1|SERPINC1|ATF3|LRRC39|GJB4|HMGB4|RNF19B|A3GALT2|DCST2|RERE|ATP1A1|ATP1A2|ATP1A4|ATP1B1|ATP2B4|DNAH14|OR2B11|ZNF648|TEDDM1|C1orf122|OSCP1|ATP5PB|ATP6V0B|AVPR1B|ADGRB2|BCL9|BGLAP|C1orf216|KLHDC7A|VWA5B1|UBXN10|C1orf87|ARL8A|BMP8B|BRDT|C1QA|C1QB|C1QC|C4BPA|SYT2|GOLT1A|UHMK1|FCRLB|WDR64|C1orf131|C4BPB|C8A|C8B|CA6|CACNA1E|CACNA1S|LIX1L|SPATA17|EDARADD|KLF17|TMEM125|TSACC|CAPN2|CAPZA1|CAPZB|CASP9|CASQ1|CASQ2|IQGAP3|NAXE|ARHGEF19|MRPL55|H2BU1|DRAM2|RUNX3|CD1A|CD1B|CD1C|CD1D|CD1E|PIFO|C1orf162|OR10T2|OR6P1|OR10X1|OR10Z1|CD2|CD247|CD5L|TNFRSF8|CD34|CD48|OR6K6|OR6N1|TATDN3|S100A16|NEK7|ACTRT2|CD53|CD58|CDA|CDK11B|CDC20|CDC42|MIB2|ITLN2|SYT6|C1orf74|CREB3L4|C1orf127|CDKN2C|CD52|CENPF|RCC1|CHI3L1|CHI3L2|BROX|SAMD11|SAMD13|C1orf52|PHF13|CIART|CHIT1|CHML|LYST|CHRM3|CHRNB2|CKS1B|TLCD4|NBPF4|UBE2U|SLC35F3|HJV|ANKRD35|CLCA1|CLCN6|CLCNKA|CLCNKB|CLK2|PLK3|FAM163A|B3GALNT2|MFSD4A|PM20D1|GCSAML|SLC30A7|CNN3|CNR2|COL8A2|COL9A2|COL11A1|CCDC27|KNCN|MOB3C|GLIS1|NBPF12|LELP1|COL16A1|COPA|CORT|CPT2|CR1|CR1L|RC3H1|DCDC2B|ZNF362|DCST1|CNIH3|MANEAL|CR2|CRABP2|CRP|CRYZ|CSF1|CSF3R|IL23R|METTL11B|FAM78B|SHISA4|EXOC8|PDIK1L|CSRP1|CTBS|CTH|CTPS1|CTSE|CTSK|BNIPL|CLDN19|CFAP57|C1orf210|CCDC24|BTBD19|CTSS|CYP2J2|CYP4A11|CYP4B1|DAB1|CD55|CCDC17|LRRC71|SRARP|RNF187|PYHIN1|SPATA45|DBT|GADD45A|DDOST|DHX9|DFFA|DFFB|FAM71A|SLC2A7|DENND2C|GBP6|FNDC7|DENND1B|DHCR24|DIO1|DPH2|DPT|DPYD|DR1|TDRD5|TOR1AIP2|CALML6|IFNLR1|CITED4|LEXM|DVL1|E2F2|ECE1|ECM1|S1PR1|EDN2|SPRR4|KANK4|SASS6|SDE2|CNST|FAM43B|PHC2|EIF2D|EFNA1|EFNA3|EFNA4|CELSR2|HFM1|PAQR7|TTC24|CCDC185|UBL4B|AGO3|MEGF6|EPHA2|ELAVL4|ELF3|ELK4|ENO1|AGO4|LCE4A|ALG14|FAM76A|FYB2|TMEM201|ENSA|EPB41|EPHA8|EPHB2|EPHX1|EPRS1|TMEM61|CYP4Z1|FAAP20|CDCP2|SLC5A9|CC2D1B|EPS15|ESRRG|ETV3|EXTL1|EXTL2|EYA3|NBPF11|NUDT17|TXLNA|TCTEX1D1|PLD5|C1orf100|F3|F5|F13B|FAAH|FABP3|FCER1A|SPAG17|SLFNL1|KRTCAP2|CRTC2|IBA57|HIPK1|FCER1G|FCGR1A|FCGR2A|FCGR2B|FCGR3A|FCGR3B|SLC44A5|ATAD3C|AKR7L|TMEM9|FNDC5|EPHX4|FDPS|FGR|FH|FHL3|FOXE3|FOXD2|TTLL10|AKNAD1|SLC41A1|OR2T6|LCE5A|TMCO4|FLG|FMO1|FMO2|FMO3|FMO4|FMO5|MCOLN2|COL24A1|PCSK9|SYT14|ST6GALNAC3|CATSPERE|FMOD|MTOR|NR5A2|FUCA1|ACKR1|IFI6|ZNF683|ARHGAP30|CFAP126|NEGR1|ASPM|MDS2|GABRD|GALE|GALNT2|GBA|GBP1|GBP2|CYP4X1|MAGI3|TIPRL|NPHP4|BEST4|PGBD2|GBP3|GFI1|GJA4|GJA5|GJA8|TAFA3|RIIAD1|THEM5|C1orf167|OR2L13|SLC9C2|GJB3|GJB5|GCLM|GLUL|GNAI3|GNAT2|OR14A16|CYP4A22|C1orf185|NBPF15|FAM102B|SYPL2|GNB1|GNG4|GNG5|SFN|GPR3|GPR25|CYB561D1|ANKRD34A|RUSC1-AS1|RSPO1|EPHA10|SNHG28|GPX7|GRIK3|GSTM1|GSTM2|GSTM3|GSTM4|SPATA46|ZNF326|BTBD8|RIMKLA|SLC25A34|LIN9|GSTM5|GTF2B|GUCA2A|GUCA2B|GUK1|H3-3A|VN1R5|H2AC21|PPM1J|H3C15|FAM151A|S100A7A|HCRTR1|HDAC1|HDGF|CFH|CFHR1|CFHR2|LINGO4|RXFP4|ANKRD45|C1orf174|KLHL17|TMEM240|ZBTB48|MR1|HLX|HMGN2|HMGCL|HMGCS2|TMEM52|BRINP3|ZBTB8OS|TFAP2E|ZNF678|PRSS38|HNRNPU|HPCA|HSD3B1|HSD3B2|HSD11B1|HSPA6|CCDC190|ARMH1|ZFP69|RD3|AADACL4|PRAMEF5|IGSF3|HSPG2|HTR1D|HTR6|ID3|IFI16|HNRNPCL1|PRAMEF9|PRAMEF10|CCDC18|OR6F1|OR2W3|CCN1|IL6R|IL10|IL12RB2|TNFRSF9|ILF2|OR2T8|OR2T3|MYBPHL|OR10R2|FCRL6|KCNT2|INPP5B|INSRR|IPP|IRF6|ITPKB|IVL|BARHL2|NBPF7|TCTEX1D4|OR2T29|SERINC2|SHISAL2A|JAK1|JUN|KCNA2|KCNA3|KCNA10|KCNC4|FAM131C|LCE1A|LCE1B|LCE1C|LCE1D|LCE1E|KCND3|KCNH1|KCNJ9|KCNJ10|KCNK1|KCNK2|LCE1F|LCE2A|LCE2C|LCE2D|LCE3A|LCE3B|KCNN3|KISS1|LAD1|LAMB3|LAMC1|LAMC2|LCE3C|LCE3E|PADI6|RGSL1|BMP8A|IRF2BP2|STMN1|LBR|LCK|LEPR|LGALS8|LMNA|ZBTB41|DRAXIN|SPATA21|SVBP|TEX38|MROH7|LMX1A|LORICRIN|LY9|TACSTD2|MAGOH|MARK1|MIGA1|PEAR1|SFT2D2|MIA3|STUM|FAM89A|MATN1|MCL1|CD46|SMCP|MDM4|MEF2D|AGRN|CENPS|CATSPER4|NSUN4|GPR153|ILDR2|MFAP2|MGST3|MNDA|MOV10|MPL|MPZ|C1QTNF12|HES5|SMIM1|RNF207|TMEM82|TRNP1|MSH4|MTF1|MTHFR|MTR|MTX1|MUC1|CD164L2|TRABD2B|LDLRAD1|GBP7|C1orf146|DIPK1A|MUTYH|MYBPH|MYCL|MYOC|MYOG|PPP1R12B|SLC6A17|NOTCH2NLA|LYSMD1|HRNR|FLG2|C1orf189|NASP|NBL1|NCF2|NDUFS2|NDUFS5|NEK2|C1orf53|TMEM81|CAPN8|COA6|C1orf229|HES3|NFIA|NFYC|NGF|NHLH1|NHLH2|NID1|PRAMEF12|PRAMEF8|PRAMEF18|PRAMEF17|PLA2G2C|FRRS1|NIT1|NOTCH2|NPPA|NPPB|NPR1|NRAS|VHLL|OR10K2|OR10K1|OR6Y1|OR6K3|VSIG8|NRDC|YBX1|NTRK1|ROR1|DDR2|NVL|OR11L1|OR2L8|OR2AK2|OR2L3|OR2M2|OR2T33|OPRD1|ORC1|OVGP1|PAFAH2|PRDX1|PAX7|OR2M7|OR2G6|TMEM200B|PRAMEF4|PRAMEF13|SH2D5|PBX1|CDK18|PDC|PDE4B|PDZK1|PEX10|NCMAP|C1orf141|C1orf226|NBPF9|FAM177B|RNF223|PEX14|PFDN2|PFKFB2|PGD|PGM1|PIGC|LDLRAD2|OR2T2|OR2T5|OR14I1|OR2T27|OR2T35|PIGR|PIK3C2B|PIK3CD|PI4KB|PKLR|PKP1|APOBEC4|MIR101-1|MIR137|MIR181B1|MIR194-1|MIR197|PLA2G2A|PLA2G4A|PLA2G5|PLOD1|PLXNA2|EXOSC10|MIR199A2|MIR200A|MIR200B|MIR205|MIR181A1|MIR214|PRRX1|POU2F1|POU3F1|PPOX|PPP1R8|PPP2R5A|MIR215|MIR29C|MIR30C1|MIR34A|MIR9-1|RGS21|PPT1|PRCC|PRELP|PRKAA2|PRKAB2|PRKACB|LHX8|PRAMEF11|PRAMEF6|HNRNPCL2|MICOS10|FAM183A|PKN2|PRKCZ|PROX1|PSEN2|PSMA5|PSMB2|ZYG11A|BCL2L15|H2BC18|ETV3L|LRRC52|RHEX|PSMB4|PSMD4|PTAFR|PTGER3|PTGFR|PTGFRN|TRIM67|MAP1LC3C|ANKRD65|PRAMEF7|OR10J3|OR2W5|PTGS2|QSOX1|PTPN7|PTPN14|PTPRC|PTPRF|OR13G1|KPRP|LCE6A|RBMXL1|LURAP1|PEF1|PEX19|ABCD3|RAB3B|RAB4A|RAB13|RABGGTB|MIR429|FAM72C|H4C15|PRR9|C1orf147|CYB5RL|RABIF|RAP1A|RAP1GAP|RBBP4|RBBP5|REN|MIR205HG|FLVCR1-DT|KIAA0754|TMEM88B|FNDC10|PPIAL4G|RFX5|RGS1|RGS2|RGS4|RGS7|RGS13|PPIAL4D|PRAMEF19|PRAMEF20|MT1HL1|LACTBL1|LYPD8|RGS16|RHCE|RHD|RIT1|RLF|RNASEL|SRGAP2B|ASCL5|ZBTB8A|NBPF6|SRGAP2C|PPIAL4A|RNF2|RNPEP|RNU1-4|SNORA73A|SNORD21|RORC|GPR89A|PPIAL4C|H3C13|PRAMEF22|PRAMEF15|FAM72B|RPA2|RPE65|RPL5|RPL11|RPL22|RPS6KA1|PRAMEF16|PCP4L1|MIR551A|H2AC19|ZBTB8B|CCDC30|CDK11A|RPS8|RPS27|RSC1A1|RXRG|RYR2|S100A1|SLC35E2B|FAM72D|NBPF8|PPIAL4F|TEX46|FAM72A|SORT1|S100A2|S100A3|S100A4|S100A5|S100A6|OR4F29|PPIAL4E|FAM229A|MIR29B2CHG|BTNL10|C1orf68|S100A7|S100A8|S100A9|S100A10|S100A11|S100A12|TSTD1|FOXO6|LINC01783|NBPF10|TRN-GTT11-1|TRN-GTT9-1|TRH-GTG2-1|S100A13|SARS1|SCNN1D|SCP2|XCL1|SDHB|TRQ-CTG3-1|TRN-GTT10-1|TRQ-CTG14-1|C2CD4D|LOC100287049|TTC34|ZBED6|SDHC|SELE|SELL|SELP|SFPQ|SRSF4|MIR3120|SPATA1|KIRREL1-IT1|ENO1-AS1|TMEM35B|PCAT6|SHC1|ST3GAL3|STIL|SKI|SLAMF1|SLC1A7|CENPS-CORT|FPGT-TNNI3K|PMF1-BGLAP|MICOS10-NBL1|DNM3OS|NEGR1-IT1|SLC2A1|SLC2A5|SLC6A9|SLC9A1|SLC16A1|SNRPE|ZRANB2-AS2|LINC00538|FALEC|LINC00853|LOC100996263|LOC101927434|SOAT1|UAP1|SPRR1A|SPRR1B|SPRR2A|SPRR2B|LOC101927851|LOC101928034|LINC01649|PABPC4-AS1|SPRR2D|SPRR2E|SPRR2F|SPRR2G|SPRR3|SPTA1|SRM|SRP9|RO60|SSR2|STXBP3|XCL2|SYCP1|TAF12|TAF13|TAL1|TARBP1|CNTN2|TBCE|TBX15|TCEA3|ELOA|VPS72|TGFB2|LEFTY2|TGFBR3|THBS3|TCHH|TIE1|TLR5|GPR137B|TNFRSF1B|TNNI1|TNNT2|TNR|TP53BP2|TP73|TPM3|TPR|TRAF5|TRE-TTC3-1|TRNAG1|CCT3|TRN-GTT2-1|TSHB|TSNAX|TTC4|TUFT1|TNFSF4|TNFRSF4|UCK2|UQCRH|UROD|USF1|USP1|USH2A|VCAM1|WNT2B|WNT9A|ZSCAN20|ZNF124|ZBTB17|SLC30A1|SLC30A2|LUZP1|PRDM2|DNALI1|LRP8|LAPTM5|BSND|CSDE1|EVI5|DAP3|NPHS2|BTG2|PTP4A2|ARID1A|H3-4|CDC7|H2AC18|H2AC20|H2BC21|H4C14|PIP5K1A|TAGLN2|BCAR3|ANXA9|SNHG3|NR0B2|RAD54L|GNPAT|DYRK3|TTF2|CDC42BPA|RGS5|PPFIA4|PIK3R3|MMP23B|KCNAB2|ITGA10|LMO4|FCN3|BLZF1|CDC14A|DEGS1|KMO|YARS1|MKNK1|AKR7A2|PLPP3|RTCA|PTCH2|ALDH4A1|EIF3I|EIF4G3|VAMP4|PEA15|B4GALT3|B4GALT2|B3GALT2|TNFRSF25|ADAM15|PABPC4|TNFRSF14|TNFRSF18|FPGT|PEX11B|CREG1|CD84|PER3|FUBP1|EIF2B3|BCL10|RAB29|SELENBP1|TNFSF18|TAF1A|MPZL1|SH2D2A|ARTN|MAP3K6|ANGPTL1|DIRAS3|TBX19|FCGR2C|SLC16A4|PRPF3|KCNQ4|EXO1|ARHGEF2|DEDD|ZMYM4|ZMYM6|XPR1|FCMR|DHRS3|MAPKAPK2|GPR37L1|GPR52|SRSF11|VAMP3|ZFYVE9|CD101|SELENOF|ZRANB2|SNRNP40|ARHGAP29|AIM2|GGPS1|RASAL2|THEMIS2|ADAMTS4|TMEM59|CHD1L|H6PD|SOX13|PRDX6|CLCA2|ISG15|IKBKE|PLCH2|HS2ST1|PDE4DIP|IPO13|SDC3|SLC25A44|KIAA0040|KDM4A|CROCC|PUM1|NOS1AP|TMEM63A|CEP104|RIMS3|TOMM20|EFCAB14|URB2|ARHGEF11|DNAJC6|CEP350|CEP170|LRIG2|SETDB1|ZC3H11A|SMG7|PLPPR4|UBAP2L|SV2A|KLHL21|SLC35E2A|DENND4B|RABGAP1L|TMCC2|FAM20B|ZBTB40|LPGAT1|MFN2|KIF14|RBM8A|THRAP3|NR1I3|AKT3|INSL5|PIGK|SCAMP3|PTPRU|ARPC5|TSPAN2|TSPAN1|CELA3A|PDZK1IP1|WASF2|PATJ|PRG4|ANGPTL7|GPA33|STX6|HNRNPR|SRRM1|CNKSR1|SF3B4|ZMPSTE24|UBE4B|BCAS2|AKR1A1|WARS2|BPNT1|CEPT1|PIAS3|TESK2|TIMM17A|LRRN2|PPIE|VAV3|HAX1|MAD2L2|PPIH|ZBTB18|C1orf61|CAP1|LRRC41|SEMA6C|LAMTOR5|SLC19A2|IFI44|POLR3C|IVNS1ABP|TXNIP|PDPN|LEFTY1|SPHAR|PMVK|KHDRBS1|GMEB1|FAM189B|AP4B1|NUDC|PHTF1|MASP2|CAPN9|NES|KDM5B|AHCYL1|SRSF10|SDCCAG8|CFHR4|CFHR3|WDR3|OCLM|JTB|MTMR11|MAN1A2|UTS2|SF3A3|MLLT11|IFI44L|EBNA1BP2|SLC27A3|KIF2C|IL24|TDRKH|RER1|DNAJB4|ADAM30|RCAN3|FAF1|CD160|GLMN|HHLA3|CELF3|DDX20|DUSP10|MST1L|PADI2|PMF1|DUSP12|VPS45|LYPLA2|PARK7|CTRC|ACOT7|COG2|CLCA4|MTF2|DNAJC8|NTNG1|PLEKHA6|CLSTN1"||||||||||no assertion criteria provided|599659|590995||||||||||clinvar
1|47851|91538|1p36.33|loss|VCV000612157|chr1:47851-91538)x1|Benign(Last reviewed: Sep 21, 2010)|not provided|OR4F5||||||||||no assertion criteria provided|612157|603493||||||||||clinvar
1|47851|6659872|1p36.33-36.31|loss|VCV000599658|chr1:47851-6659872)x1|Pathogenic(Last reviewed: Jun 10, 2011)|not provided|"ISG15|PLCH2|CEP104|ICMT|KLHL21|SLC35E2A|TNFRSF18|SSU72|MRPL20|TMEM240|TMEM52|AGRN|GPR153|RNF207|HES3|OR4F5|UBE2J2|PUSL1|C1orf174|KLHL17|RNF223|MIR200A|MIR200B|C1QTNF12|RER1|ACOT7|CALML6|FAAP20|SCNN1D|SKI|HES5|CHD5|NOC2L|ARHGEF16|PANK4|SMIM1|TAS1R1|ANKRD65|MIR429|TMEM88B|OR4F16|CCNL2|ATAD3C|TTLL10|NPHP4|TPRG1L|PRXL2B|ACTRT2|MIB2|SAMD11|NOL9|AJAP1|PLEKHG5|LRRC47|DVL1|MEGF6|B3GALT6|CCDC27|CDK11B|DFFB|TP73|TNFRSF4|MMP23B|KCNAB2|TNFRSF25|TNFRSF14|HES4|PRDM16|VWA1|NADK|MMEL1|ZBTB48|PEX10|PRKCZ|GABRD|GNB1|ESPN|TAS1R3|ATAD3B|PLEKHN1|CFAP74|ACAP3|WRAP73|SDF4|MXRA8|C1orf159|HES2|RPL22|INTS11|AURKAIP1|MORN1|CPTP|ATAD3A|FNDC10|MIR551A|CDK11A|SLC35E2B|OR4F29|TTC34"||||||||||no assertion criteria provided|599658|590994||||||||||clinvar
1|47851|1165310|1p36.33|loss|VCV000599657|chr1:47851-1165310)x1|Benign(Last reviewed: Dec 1, 2011)|not provided|"ISG15|TNFRSF4|TNFRSF18|NOC2L|SDF4|C1orf159|HES4|OR4F5|OR4F16|PLEKHN1|SAMD11|TTLL10|KLHL17|AGRN|RNF223|MIR200A|MIR200B|MIR429|OR4F29"||||||||||no assertion criteria provided|599657|590993||||||||||clinvar
1|49298|98602||Gain|gssvG28||||||16|2609|African 6:Asian 0:European 10:Mexican 0:MiddleEast 0:NativeAmerican 0:NorthAmerican 0:Oceania 0:SouthAmerican 0:Turkish 0:Admixed 0:Unknown 0|0.0061|Affymetrix6.0,Custom_Illumina_1.2M|2|Vogler2010,Cooper2011|14|||||||||||||DGV
1|49298|98602||Gain|gssvG28||||||16|2609|African 6:Asian 0:European 10:Mexican 0:MiddleEast 0:NativeAmerican 0:NorthAmerican 0:Oceania 0:SouthAmerican 0:Turkish 0:Admixed 0:Unknown 0|0.0061|Affymetrix6.0,Custom_Illumina_1.2M|2|Vogler2010,Cooper2011|14|||||||||||||DGV
1|49298|98602||Gain|gssvG28||||||16|2609|African 6:Asian 0:European 10:Mexican 0:MiddleEast 0:NativeAmerican 0:NorthAmerican 0:Oceania 0:SouthAmerican 0:Turkish 0:Admixed 0:Unknown 0|0.0061|Affymetrix6.0,Custom_Illumina_1.2M|2|Vogler2010,Cooper2011|14|||||||||||||DGV
1|49298|98602||Loss|gssvL18||||||16|2609|African 10:Asian 0:European 6:Mexican 0:MiddleEast 0:NativeAmerican 0:NorthAmerican 0:Oceania 0:SouthAmerican 0:Turkish 0:Admixed 0:Unknown 0|0.0061|Affymetrix6.0,Custom_Illumina_1.2M|2|Vogler2010,Cooper2011|14|||||||||||||DGV
1|49298|98602||Loss|gssvL18||||||16|2609|African 10:Asian 0:European 6:Mexican 0:MiddleEast 0:NativeAmerican 0:NorthAmerican 0:Oceania 0:SouthAmerican 0:Turkish 0:Admixed 0:Unknown 0|0.0061|Affymetrix6.0,Custom_Illumina_1.2M|2|Vogler2010,Cooper2011|14|||||||||||||DGV
1|49298|98602||Loss|gssvL18||||||16|2609|African 10:Asian 0:European 6:Mexican 0:MiddleEast 0:NativeAmerican 0:NorthAmerican 0:Oceania 0:SouthAmerican 0:Turkish 0:Admixed 0:Unknown 0|0.0061|Affymetrix6.0,Custom_Illumina_1.2M|2|Vogler2010,Cooper2011|14|||||||||||||DGV
1|61723|356542||Loss|gssvL4||||||37|12364|African 1:Asian 0:European 19:Mexican 0:MiddleEast 0:NativeAmerican 0:NorthAmerican 0:Oceania 0:SouthAmerican 0:Turkish 0:Admixed 0:Unknown 17|0.003|Affymetrix_6.0,Affymetrix6.0|2|Coe2014,Vogler2010|16|||||||||||||DGV
1|61723|356542||Loss|gssvL4||||||37|12364|African 1:Asian 0:European 19:Mexican 0:MiddleEast 0:NativeAmerican 0:NorthAmerican 0:Oceania 0:SouthAmerican 0:Turkish 0:Admixed 0:Unknown 17|0.003|Affymetrix_6.0,Affymetrix6.0|2|Coe2014,Vogler2010|16|||||||||||||DGV
1|61723|356542||Loss|gssvL4||||||37|12364|African 1:Asian 0:European 19:Mexican 0:MiddleEast 0:NativeAmerican 0:NorthAmerican 0:Oceania 0:SouthAmerican 0:Turkish 0:Admixed 0:Unknown 17|0.003|Affymetrix_6.0,Affymetrix6.0|2|Coe2014,Vogler2010|16|||||||||||||DGV
1|61735|98602|||||||||2|5919||0.000337895|||Affy6|||||0|0|1|2|0.000337895|0.706987307|0.706987307|||decipher
1|69481|89430|||||||||3|845||0.003550296|||DDD|||||0|0|1|3|0.003550296|0.576324476|0.576324476|||decipher
1|70007|88084||Gain|gssvG50||||||11|40|African 4:Asian 2:European 3:Mexican 0:MiddleEast 0:NativeAmerican 0:NorthAmerican 0:Oceania 1:SouthAmerican 1:Turkish 0:Admixed 0:Unknown 0|0.275|AgilentCustom_015685+015686+244K,Illumina_HiSeq|2|Perry2008,Sudmant2013|8|||||||||||||DGV
1|70007|88084||Gain|gssvG50||||||11|40|African 4:Asian 2:European 3:Mexican 0:MiddleEast 0:NativeAmerican 0:NorthAmerican 0:Oceania 1:SouthAmerican 1:Turkish 0:Admixed 0:Unknown 0|0.275|AgilentCustom_015685+015686+244K,Illumina_HiSeq|2|Perry2008,Sudmant2013|8|||||||||||||DGV
1|70007|88084||Gain|gssvG50||||||11|40|African 4:Asian 2:European 3:Mexican 0:MiddleEast 0:NativeAmerican 0:NorthAmerican 0:Oceania 1:SouthAmerican 1:Turkish 0:Admixed 0:Unknown 0|0.275|AgilentCustom_015685+015686+244K,Illumina_HiSeq|2|Perry2008,Sudmant2013|8|||||||||||||DGV
1|80386|91719|1p36.33|loss|VCV000599660|chr1:80386-91719)x1|Benign(Last reviewed: Dec 9, 2010)|not provided|||||||||||no assertion criteria provided|599660|590996||||||||||clinvar
1|81136|90347|||||||||1|845||0.001183432|||DDD|||||1|0.001183432|0.999408109|0|0|1|0.999408109|||decipher
1|82154|249218992|1p36.33-q44|gain|VCV000599669|chr1:82154-249218992)x3|Pathogenic(Last reviewed: Jan 5, 2017)|not provided|"NFIA|NFYC|NGF|NHLH1|NHLH2|NID1|PRAMEF8|PRAMEF18|PRAMEF17|PLA2G2C|FRRS1|VHLL|NIT1|NOTCH2|NPPA|NPPB|NPR1|NRAS|OR10K2|OR10K1|OR6Y1|OR6K3|VSIG8|OR11L1|NRDC|YBX1|NTRK1|ROR1|DDR2|NVL|OR2L8|OR2AK2|OR2L3|OR2M2|OR2T33|OR2M7|OPRD1|ORC1|OVGP1|PAFAH2|PRDX1|PAX7|OR2G6|TMEM200B|PRAMEF4|PRAMEF13|SH2D5|NCMAP|PBX1|CDK18|PDC|PDE4B|PDZK1|PEX10|C1orf141|C1orf226|NBPF9|FAM177B|RNF223|LDLRAD2|PEX14|PFDN2|PFKFB2|PGD|PGM1|PIGC|OR2T2|OR2T5|OR14I1|OR2T27|OR2T35|APOBEC4|PIGR|PIK3C2B|PIK3CD|PI4KB|PKLR|PKP1|MIR101-1|MIR137|MIR181B1|MIR194-1|MIR197|MIR199A2|PLA2G2A|PLA2G4A|PLA2G5|PLOD1|PLXNA2|EXOSC10|MIR200A|MIR200B|MIR205|MIR181A1|MIR214|MIR215|PRRX1|POU2F1|POU3F1|PPOX|PPP1R8|PPP2R5A|MIR29C|MIR30C1|MIR34A|MIR9-1|RGS21|LHX8|PPT1|PRCC|PRELP|PRKAA2|PRKAB2|PRKACB|PRAMEF11|PRAMEF6|HNRNPCL2|MICOS10|FAM183A|ZYG11A|PKN2|PRKCZ|PROX1|PSEN2|PSMA5|PSMB2|BCL2L15|H2BC18|ETV3L|LRRC52|RHEX|TRIM67|PSMB4|PSMD4|PTAFR|PTGER3|PTGFR|PTGFRN|MAP1LC3C|ANKRD65|PRAMEF7|OR10J3|OR2W5|OR13G1|PTGS2|QSOX1|PTPN7|PTPN14|PTPRC|PTPRF|KPRP|LCE6A|RBMXL1|LURAP1|PEF1|MIR429|PEX19|ABCD3|RAB3B|RAB4A|RAB13|RABGGTB|FAM72C|H4C15|PRR9|C1orf147|CYB5RL|MIR205HG|RABIF|RAP1A|RAP1GAP|RBBP4|RBBP5|REN|FLVCR1-DT|KIAA0754|TMEM88B|FNDC10|PPIAL4G|PPIAL4D|RFX5|RGS1|RGS2|RGS4|RGS7|RGS13|PRAMEF19|PRAMEF20|MT1HL1|LACTBL1|LYPD8|SRGAP2B|RGS16|RHCE|RHD|RIT1|RLF|RNASEL|ASCL5|ZBTB8A|NBPF6|SRGAP2C|PPIAL4A|GPR89A|RNF2|RNPEP|RNU1-4|SNORA73A|SNORD21|RORC|PPIAL4C|H3C13|PRAMEF22|PRAMEF15|FAM72B|PRAMEF16|RPA2|RPE65|RPL5|RPL11|RPL22|RPS6KA1|PCP4L1|MIR551A|H2AC19|ZBTB8B|CCDC30|CDK11A|RPS8|RPS27|RSC1A1|RXRG|RYR2|S100A1|SLC35E2B|FAM72D|NBPF8|PPIAL4F|TEX46|FAM72A|SORT1|S100A2|S100A3|S100A4|S100A5|S100A6|OR4F29|PPIAL4E|FAM229A|MIR29B2CHG|BTNL10|C1orf68|S100A7|S100A8|S100A9|S100A10|S100A11|S100A12|TSTD1|FOXO6|LINC01783|NBPF10|TRN-GTT11-1|TRN-GTT9-1|TRH-GTG2-1|S100A13|SARS1|SCNN1D|SCP2|XCL1|SDHB|TRQ-CTG3-1|TRN-GTT10-1|TRQ-CTG14-1|C2CD4D|LOC100287049|TTC34|ZBED6|SDHC|SELE|SELL|SELP|SFPQ|SRSF4|MIR3120|SPATA1|KIRREL1-IT1|ENO1-AS1|TMEM35B|PCAT6|SHC1|ST3GAL3|STIL|SKI|SLAMF1|SLC1A7|CENPS-CORT|FPGT-TNNI3K|PMF1-BGLAP|MICOS10-NBL1|DNM3OS|NEGR1-IT1|SLC2A1|SLC2A5|SLC6A9|SLC9A1|SLC16A1|SNRPE|ZRANB2-AS2|LINC00538|FALEC|LINC00853|LOC100996263|LOC101927434|SOAT1|UAP1|SPRR1A|SPRR1B|SPRR2A|SPRR2B|LOC101927851|LOC101928034|LINC01649|PABPC4-AS1|SPRR2D|SPRR2E|SPRR2F|SPRR2G|SPRR3|SPTA1|SRM|SRP9|RO60|SSR2|STXBP3|XCL2|SYCP1|TAF12|TAF13|TAL1|TARBP1|CNTN2|TBCE|TBX15|TCEA3|ELOA|VPS72|TGFB2|LEFTY2|TGFBR3|THBS3|TCHH|TIE1|TLR5|GPR137B|TNFRSF1B|TNNI1|TNNT2|TNR|TP53BP2|TP73|TPM3|TPR|TRAF5|TRE-TTC3-1|TRNAG1|CCT3|TRN-GTT2-1|TSHB|TSNAX|TTC4|TUFT1|TNFSF4|TNFRSF4|UCK2|UQCRH|UROD|USF1|USP1|USH2A|VCAM1|WNT2B|WNT9A|ZSCAN20|ZNF124|ZBTB17|SLC30A1|SLC30A2|LUZP1|PRDM2|DNALI1|LRP8|LAPTM5|BSND|CSDE1|EVI5|DAP3|NPHS2|BTG2|PTP4A2|ARID1A|H3-4|CDC7|H2AC18|H2AC20|H2BC21|H4C14|PIP5K1A|TAGLN2|BCAR3|ANXA9|SNHG3|NR0B2|RAD54L|GNPAT|DYRK3|TTF2|CDC42BPA|RGS5|PPFIA4|PIK3R3|MMP23B|KCNAB2|ITGA10|LMO4|FCN3|BLZF1|CDC14A|DEGS1|KMO|YARS1|MKNK1|AKR7A2|PLPP3|RTCA|PTCH2|ALDH4A1|EIF3I|EIF4G3|VAMP4|PEA15|B4GALT3|B4GALT2|B3GALT2|TNFRSF25|ADAM15|PABPC4|TNFRSF14|TNFRSF18|FPGT|PEX11B|CREG1|CD84|PER3|FUBP1|EIF2B3|BCL10|RAB29|SELENBP1|TNFSF18|TAF1A|MPZL1|SH2D2A|ARTN|MAP3K6|ANGPTL1|DIRAS3|TBX19|FCGR2C|SLC16A4|PRPF3|KCNQ4|EXO1|ARHGEF2|DEDD|ZMYM4|ZMYM6|XPR1|FCMR|DHRS3|MAPKAPK2|GPR37L1|GPR52|SRSF11|VAMP3|ZFYVE9|CD101|SELENOF|ZRANB2|SNRNP40|ARHGAP29|AIM2|GGPS1|RASAL2|THEMIS2|ADAMTS4|TMEM59|CHD1L|H6PD|SOX13|PRDX6|CLCA2|ISG15|IKBKE|PLCH2|HS2ST1|PDE4DIP|IPO13|SDC3|SLC25A44|KIAA0040|KDM4A|CROCC|PUM1|NOS1AP|TMEM63A|CEP104|RIMS3|TOMM20|EFCAB14|URB2|ARHGEF11|DNAJC6|CEP350|CEP170|LRIG2|SETDB1|ZC3H11A|SMG7|PLPPR4|UBAP2L|SV2A|KLHL21|SLC35E2A|DENND4B|RABGAP1L|TMCC2|FAM20B|ZBTB40|LPGAT1|MFN2|KIF14|RBM8A|THRAP3|NR1I3|AKT3|INSL5|PIGK|SCAMP3|PTPRU|ARPC5|TSPAN2|TSPAN1|CELA3A|PDZK1IP1|WASF2|PATJ|PRG4|ANGPTL7|GPA33|STX6|HNRNPR|SRRM1|CNKSR1|SF3B4|ZMPSTE24|UBE4B|BCAS2|AKR1A1|WARS2|BPNT1|CEPT1|PIAS3|TESK2|TIMM17A|LRRN2|PPIE|VAV3|HAX1|MAD2L2|PPIH|ZBTB18|C1orf61|CAP1|LRRC41|SEMA6C|LAMTOR5|SLC19A2|IFI44|POLR3C|IVNS1ABP|TXNIP|PDPN|LEFTY1|SPHAR|PMVK|KHDRBS1|GMEB1|FAM189B|AP4B1|NUDC|PHTF1|MASP2|CAPN9|NES|KDM5B|AHCYL1|SRSF10|SDCCAG8|CFHR4|CFHR3|WDR3|OCLM|JTB|MTMR11|MAN1A2|UTS2|SF3A3|MLLT11|IFI44L|EBNA1BP2|SLC27A3|KIF2C|IL24|TDRKH|RER1|DNAJB4|ADAM30|RCAN3|FAF1|CD160|GLMN|HHLA3|CELF3|DDX20|DUSP10|MST1L|PADI2|PMF1|DUSP12|VPS45|LYPLA2|PARK7|CTRC|ACOT7|COG2|CLCA4|MTF2|DNAJC8|NTNG1|PLEKHA6|CLSTN1|FOXJ3|KHDC4|WDR47|KIFAP3|ATF6|SCMH1|AKR7A3|TTC39A|SPEN|KDM1A|RBM34|USP33|WDTC1|KIF21B|NMNAT2|EMC1|KIF1B|NFASC|POGZ|COLGALT2|MAST2|NCDN|CLCC1|SLC35D1|RGL1|PLEKHM2|SYT11|PRRC2C|FBXO28|RPRD2|OTUD3|KAZN|CAMTA1|ADGRL2|CAMSAP2|KIAA1107|TUT4|SZT2|DNAJC16|UBR4|USP24|SRGAP2|SMG5|NCSTN|ATP13A2|CRB1|ITGB3BP|GPR161|TARDBP|CELA3B|SLC35A3|ABCB10|ICMT|MACF1|LRRC8B|ZNF281|SNAPIN|LPAR3|PADI4|DDAH1|TMEM50A|OPN3|PHLDA3|RUSC1|CA14|KPNA6|SSBP3|STX12|DSTYK|RAB3GAP2|CFAP45|LMOD1|MPC2|TRIM58|INTS7|OLFML2B|AHCTF1|C1orf43|CLIC4|NSL1|SYF2|RWDD3|PARS2|MMACHC|ZZZ3|ACOT11|CHD5|DNM3|TOR1AIP1|CHTOP|SZRD1|LDLRAP1|SERBP1|NOC2L|OR1C1|PTPN22|PHGDH|FBXO2|LCE2B|OR2M4|OR2L2|OPTC|FBXO6|PLA2G2D|AK5|MYCBP|OR10J1|HEYL|AGO1|OR2T1|RPS6KC1|RNF11|USP21|FOXD3|UTP25|TRAPPC3|TAF5L|CACYBP|HSPB7|CHIA|SLC39A1|DISC2|DISC1|ARHGEF16|AHDC1|RNF115|KLHL20|TEKT2|SMPDL3B|ANGPTL3|LAMTOR2|FLVCR1|UBE2T|CNIH4|SSU72|TMOD4|GNL2|GPSM2|UBIAD1|PYCR2|NME7|ALG6|NENF|PADI1|IL19|CERS2|SLC25A24|PLA2G2E|DNTTIP2|WRAP73|CRNN|G0S2|IL20|SLC45A1|DCAF8|HP1BP3|F11R|TMED5|RRP15|GLRX2|BOLA1|DESI2|CELA2B|ZNF593|ZBTB7B|ZNF691|TXNDC12|TNNI3K|RRNAD1|ADIPOR1|SCCPDH|SH3GLB1|MECR|APH1A|UTP11|TRIM17|KCTD3|SDF4|MRTO4|PLEKHO1|HAO2|ACP6|TMEM69|MRPL37|IER5|HOOK1|SNX7|UCHL5|SUCO|HPCAL4|YTHDF2|GPR89B|HSD17B7|UFC1|DTL|ZCCHC17|TRIM33|EEF1AKNMT|DPH5|HSPB11|OAZ3|PADI3|CYB5R1|CMPK1|ARID4B|CD244|GPR88|ERRFI1|DPM3|WNT4|YIPF1|FBXO42|MRPS21|TRMT13|TMCO1|ADAMTSL4|CRCT1|RNF186|SPATA6|EGLN1|MXRA8|L1TD1|HES2|MAP10|RSBN1|ZNHIT6|GPN2|LEPROT|FBLIM1|MED18|TRIT1|GIPC2|SWT1|GDAP2|TENT5C|GON4L|GPATCH4|PALMD|FNBP1L|ST7L|SLC66A1|CASZ1|LAX1|RHBDL2|DUSP23|ADPRS|TRNAU1AP|ODR4|C1orf109|C1orf56|INTS11|CZIB|C1orf159|MTARC2|AURKAIP1|TTC22|MRPL20|CRYBG2|SUSD4|KIF26B|TMEM51|RALGPS2|GPATCH2|BSDC1|XKR8|TMEM39B|PRPF38B|HEATR1|CDCA8|LRRC8D|MSTO1|DARS2|ARHGEF10L|PRMT6|RNF220|VPS13D|EVA1B|GOLPH3L|ATAD3A|MACO1|KLHDC8A|TRIM62|ETNK2|RAVER2|PANK4|KIRREL1|PACC1|YY1AP1|ECHDC2|FGGY|MCOLN3|SLC22A15|YOD1|CAMK2N1|BATF3|SLC30A10|UBE2Q1|RNPC3|ITLN1|ASAP3|POMGNT1|PNRC2|LRRC40|DEPDC1|PIGV|ZNF692|NBPF1|IARS2|MAP7D1|IPO9|NDC1|NECAP2|IQCC|C1orf112|HHAT|DNAJC11|ENAH|NUP133|RCOR3|INAVA|LRIF1|MINDY1|ADCY10|DCAF6|ASH1L|LENEP|CTTNBP2NL|RCC2|INKA2|DMAP1|AJAP1|GNG12|SLC50A1|TMEM234|MTFR1L|SERTAD4|KYAT3|ERO1B|FMN2|SLAMF8|CDC42SE1|UBQLN4|TMEM167B|OLFML3|SMYD2|LHX9|OTUD7B|COQ8A|CTNNBIP1|RSRP1|AGTRAP|PITHD1|RAB25|PGLYRP4|ZNF695|RHBG|MAN1C1|SCYL3|GJC2|CAMK1G|NIPAL3|SELENON|ATP8B2|VANGL2|PBXIP1|S100A14|PLEKHG5|GATAD2B|AMIGO1|LRRC47|ODF2L|CGN|KIAA1324|DISP3|IGSF9|LRRC7|SIPA1L2|KIF17|ZNF687|ZSWIM5|POGK|KIAA1522|HCN3|CACHD1|MIER1|KIAA1614|BRINP2|HES4|CCDC181|GRHL3|SLAMF7|ZP4|CADM3|PTBP2|RHOU|PRUNE1|DNASE2B|DLGAP3|IL22RA1|HIVEP3|KLHL12|LGR6|GPBP1L1|HAPLN2|MIIP|GAS5|PAPPA2|CELA2A|BCAN|GPATCH3|TNN|MRPS14|DMRTB1|DMRTA2|CLSPN|PRDM16|OXCT2|RRAGC|ADGRL4|TINAGL1|P3H1|TFB2M|SEMA4A|TOR3A|COP1|GREM2|RGS18|PLA2G2F|MFSD14A|NUCKS1|SMAP2|ACBD3|SMYD3|ATPAF1|MTARC1|S100PBP|MEAF6|RBM15|EXO5|CEP85|ARV1|NMNAT1|ELOVL1|AIDA|VWA1|DCLRE1B|MRPS15|MRPL9|PINK1|JMJD4|MARCKSL1|PRAMEF1|PRAMEF2|INTS3|NADK|ZFP69B|COA7|PHACTR4|AUNIP|SCNM1|ERI3|C1orf50|WDR77|C1orf116|CCDC28B|C1orf35|EFHD2|MMEL1|CPLANE2|FCRL2|NKAIN1|TTC13|EPS8L3|CDC73|MRPL24|MUL1|PGBD5|TNFAIP8L2|C1orf54|TMEM53|AKIRIN1|HECTD3|BEND5|VTCN1|YRDC|ZYG11B|NOL9|PPCS|LIN28A|SH3D21|TTLL7|SNIP1|C1orf115|HHIPL2|VASH2|AGMAT|WDR78|ZMYM1|ZNF669|RPAP2|ZNF672|MORN1|FAM110D|KIAA0319L|DHDDS|PAQR6|DENND2D|WLS|PCNX2|GPR157|TRIM46|MROH9|RPF1|SIKE1|ZC3H12A|SPSB1|TARS2|WDR26|TRIM45|EDEM3|FLAD1|TRAF3IP3|CPTP|ZNF436|TAS1R2|TAS1R1|SH3BP5L|NPL|GJA9|OR4F16|OR6N2|OR6K2|OR2L5|OR2G3|OR2G2|OR2C3|SYNC|CFHR5|TRIM11|C1orf21|ACTL8|ANKRD13C|NECTIN4|SNX27|ANP32E|SHCBP1L|TRMT1L|TSSK3|CCNL2|NUAK2|VANGL1|ST6GALNAC5|ISG20L2|HYI|FCRL5|FCRL4|SH3BGRL3|DDX59|NUF2|RASSF5|SESN2|ESPN|TAS1R3|ATAD3B|HMCN1|GPR61|MIXL1|STK40|SPRTN|TM2D1|FCAMR|REG4|OBSCN|TMEM222|TEX35|PLEKHN1|HORMAD1|TOMM40L|SYDE2|ZNF644|USP48|ZMYND12|NBPF3|LRRC8C|ZDHHC18|SGIP1|POLR3GL|SLC25A33|TMEM79|NTPCR|EFCAB2|DDI2|ACBD6|LZIC|PROK1|MAP3K21|EFCAB7|ZBTB37|NT5C1A|LCE3D|TRIM63|PSRC1|FAM167B|FCRLA|ZNF496|HPDL|AGBL4|MFSD2A|C1orf198|PPP1R15B|ATG4C|MAEL|PRPF38A|SYTL1|IGSF21|LSM10|C1orf94|DISP1|STRIP1|RGS8|SLC45A3|DOCK7|CFAP74|WNT3A|NAV1|SEC16B|AQP10|LHX4|SLAMF9|KIAA2013|THAP3|STPG1|PYGO2|ANGEL2|SPOCD1|ZNF697|IGFN1|NUP210L|BTF3L4|UBXN11|NEXN|CENPL|DUSP27|RCSD1|MEX3A|METTL18|GORAB|C1orf105|TMEM183A|H2AW|PIGM|IGSF8|C1orf158|LEMD1|ZNF670|FBXO44|ATP5IF1|GLMP|MED8|KTI12|SMIM12|AZIN2|TMEM54|HENMT1|TOE1|NLRP3|ERMAP|PGLYRP3|CSMD2|MYSM1|FHAD1|SLAMF6|OSBPL9|SLC26A9|OMA1|RAB42|FCRL1|FCRL3|LRRC42|GBP4|GBP5|TENT5B|COX20|RBP7|TSEN15|NIBAN1|SNAP47|ACAP3|TADA1|THEM4|SH2D1B|SSX2IP|UBE2J2|OLFM3|GABPB2|TCHHL1|RPTN|TDRD10|SHE|KDF1|CCSAP|LRRC38|AADACL3|PUSL1|B3GALT6|WDR63|KLHDC9|AXDND1|ABCA4|ABL2|MAB21L3|IFFO2|H3C14|SLC44A3|ATXN7L2|C1orf194|ACADM|ACTA1|ACTN2|ADAR|ADORA1|ADORA3|LYPLAL1|OR2M5|OR2M3|OR2T12|OR14C36|OR2T34|PARP1|ADSS2|AGL|AGT|AK2|AK4|OR2T10|OR2T4|OR2T11|ATP6V1G3|ASB17|TYW3|ALDH9A1|ALPL|ALX3|AMPD1|AMPD2|AMY1A|ERICH3|LRRIQ3|TPRG1L|PRXL2B|MYOM3|DMBX1|AMY1B|AMY1C|AMY2A|AMY2B|APCS|APOA2|OR10J5|TMCO2|ZNF684|TCEANC2|PODN|LRRC39|FASLG|ARF1|RHOC|ARNT|ASTN1|SERPINC1|GJB4|HMGB4|RNF19B|A3GALT2|DCST2|DNAH14|ATF3|RERE|ATP1A1|ATP1A2|ATP1A4|ATP1B1|OR2B11|ZNF648|TEDDM1|C1orf122|OSCP1|C1orf216|ATP2B4|ATP5PB|ATP6V0B|AVPR1B|ADGRB2|BCL9|KLHDC7A|VWA5B1|UBXN10|C1orf87|ARL8A|SYT2|BGLAP|BMP8B|BRDT|C1QA|C1QB|C1QC|GOLT1A|UHMK1|FCRLB|WDR64|C1orf131|LIX1L|C4BPA|C4BPB|C8A|C8B|CA6|CACNA1E|SPATA17|EDARADD|KLF17|TMEM125|TSACC|IQGAP3|CACNA1S|CAPN2|CAPZA1|CAPZB|CASP9|CASQ1|NAXE|ARHGEF19|MRPL55|H2BU1|DRAM2|PIFO|CASQ2|RUNX3|CD1A|CD1B|CD1C|CD1D|C1orf162|OR10T2|OR6P1|OR10X1|OR10Z1|OR6K6|CD1E|CD2|CD247|CD5L|TNFRSF8|CD34|OR6N1|TATDN3|S100A16|NEK7|ACTRT2|MIB2|CD48|CD53|CD58|CDA|CDK11B|CDC20|ITLN2|SYT6|C1orf74|CREB3L4|C1orf127|BROX|CDC42|CDKN2C|CD52|CENPF|RCC1|CHI3L1|SAMD11|SAMD13|C1orf52|PHF13|CIART|TLCD4|CHI3L2|CHIT1|CHML|LYST|CHRM3|CHRNB2|NBPF4|UBE2U|SLC35F3|HJV|ANKRD35|FAM163A|CKS1B|CLCA1|CLCN6|CLCNKA|CLCNKB|CLK2|B3GALNT2|MFSD4A|PM20D1|GCSAML|SLC30A7|CCDC27|PLK3|CNN3|CNR2|COL8A2|COL9A2|CR1L|KNCN|MOB3C|GLIS1|NBPF12|LELP1|RC3H1|COL11A1|COL16A1|COPA|CORT|CPT2|CR1|DCDC2B|ZNF362|DCST1|CNIH3|MANEAL|IL23R|CR2|CRABP2|CRP|CRYZ|CSF1|CSF3R|METTL11B|FAM78B|SHISA4|EXOC8|PDIK1L|BNIPL|CSRP1|CTBS|CTH|CTPS1|CTSE|CTSK|CLDN19|CFAP57|C1orf210|CCDC24|BTBD19|CCDC17|CTSS|CYP2J2|CYP4A11|CYP4B1|DAB1|CD55|LRRC71|SRARP|RNF187|PYHIN1|SPATA45|FAM71A|DBT|GADD45A|DDOST|DHX9|DFFA|DFFB|SLC2A7|DENND2C|GBP6|FNDC7|DENND1B|TDRD5|DHCR24|DIO1|DPH2|DPT|DPYD|DR1|TOR1AIP2|CALML6|IFNLR1|CITED4|LEXM|SPRR4|DVL1|E2F2|ECE1|ECM1|S1PR1|EDN2|KANK4|SASS6|SDE2|CNST|FAM43B|HFM1|PHC2|EIF2D|EFNA1|EFNA3|EFNA4|CELSR2|PAQR7|TTC24|CCDC185|UBL4B|AGO3|AGO4|MEGF6|EPHA2|ELAVL4|ELF3|ELK4|ENO1|LCE4A|ALG14|FAM76A|FYB2|TMEM201|TMEM61|ENSA|EPB41|EPHA8|EPHB2|EPHX1|EPRS1|CYP4Z1|FAAP20|CDCP2|SLC5A9|CC2D1B|NBPF11|EPS15|ESRRG|ETV3|EXTL1|EXTL2|EYA3|NUDT17|TXLNA|TCTEX1D1|PLD5|C1orf100|SPAG17|F3|F5|F13B|FAAH|FABP3|FCER1A|SLFNL1|KRTCAP2|CRTC2|IBA57|HIPK1|SLC44A5|FCER1G|FCGR1A|FCGR2A|FCGR2B|FCGR3A|FCGR3B|ATAD3C|AKR7L|TMEM9|FNDC5|EPHX4|TTLL10|FDPS|FGR|FH|FHL3|FOXE3|FOXD2|AKNAD1|SLC41A1|OR2T6|LCE5A|TMCO4|MCOLN2|FLG|FMO1|FMO2|FMO3|FMO4|FMO5|COL24A1|PCSK9|SYT14|ST6GALNAC3|CATSPERE|ZNF683|FMOD|MTOR|NR5A2|FUCA1|ACKR1|IFI6|ARHGAP30|CFAP126|NEGR1|ASPM|MDS2|CYP4X1|GABRD|GALE|GALNT2|GBA|GBP1|GBP2|MAGI3|TIPRL|NPHP4|BEST4|PGBD2|TAFA3|GBP3|GFI1|GJA4|GJA5|GJA8|RIIAD1|THEM5|C1orf167|OR2L13|SLC9C2|OR14A16|GJB3|GJB5|GCLM|GLUL|GNAI3|GNAT2|CYP4A22|C1orf185|NBPF15|FAM102B|SYPL2|CYB561D1|GNB1|GNG4|GNG5|SFN|GPR3|GPR25|ANKRD34A|RUSC1-AS1|RSPO1|EPHA10|SNHG28|SPATA46|GPX7|GRIK3|GSTM1|GSTM2|GSTM3|GSTM4|ZNF326|BTBD8|RIMKLA|SLC25A34|LIN9|VN1R5|GSTM5|GTF2B|GUCA2A|GUCA2B|GUK1|H3-3A|H2AC21|PPM1J|H3C15|FAM151A|S100A7A|LINGO4|HCRTR1|HDAC1|HDGF|CFH|CFHR1|CFHR2|RXFP4|ANKRD45|C1orf174|KLHL17|TMEM240|TMEM52|ZBTB48|MR1|HLX|HMGN2|HMGCL|HMGCS2|BRINP3|ZBTB8OS|TFAP2E|ZNF678|PRSS38|CCDC190|HNRNPU|HPCA|HSD3B1|HSD3B2|HSD11B1|HSPA6|ARMH1|ZFP69|RD3|AADACL4|PRAMEF5|HNRNPCL1|IGSF3|HSPG2|HTR1D|HTR6|ID3|IFI16|PRAMEF9|PRAMEF10|CCDC18|OR6F1|OR2W3|OR2T8|CCN1|IL6R|IL10|IL12RB2|TNFRSF9|ILF2|OR2T3|MYBPHL|OR10R2|FCRL6|KCNT2|BARHL2|INPP5B|INSRR|IPP|IRF6|ITPKB|IVL|NBPF7|TCTEX1D4|OR2T29|SERINC2|SHISAL2A|FAM131C|JAK1|JUN|KCNA2|KCNA3|KCNA10|KCNC4|LCE1A|LCE1B|LCE1C|LCE1D|LCE1E|LCE1F|KCND3|KCNH1|KCNJ9|KCNJ10|KCNK1|KCNK2|LCE2A|LCE2C|LCE2D|LCE3A|LCE3B|LCE3C|KCNN3|KISS1|LAD1|LAMB3|LAMC1|LAMC2|LCE3E|PADI6|RGSL1|BMP8A|IRF2BP2|ZBTB41|STMN1|LBR|LCK|LEPR|LGALS8|LMNA|DRAXIN|SPATA21|SVBP|TEX38|MROH7|MIGA1|LMX1A|LORICRIN|LY9|TACSTD2|MAGOH|MARK1|PEAR1|SFT2D2|MIA3|STUM|FAM89A|AGRN|MATN1|MCL1|CD46|SMCP|MDM4|MEF2D|CENPS|CATSPER4|NSUN4|GPR153|ILDR2|C1QTNF12|MFAP2|MGST3|MNDA|MOV10|MPL|MPZ|HES5|SMIM1|RNF207|TMEM82|TRNP1|CD164L2|MSH4|MTF1|MTHFR|MTR|MTX1|MUC1|TRABD2B|LDLRAD1|GBP7|C1orf146|DIPK1A|SLC6A17|MUTYH|MYBPH|MYCL|MYOC|MYOG|PPP1R12B|NOTCH2NLA|LYSMD1|HRNR|FLG2|C1orf189|C1orf53|NASP|NBL1|NCF2|NDUFS2|NDUFS5|NEK2|TMEM81|CAPN8|COA6|C1orf229|HES3|PRAMEF12"||||||||||no assertion criteria provided|599669|591005||||||||||clinvar
1|82154|1289863|1p36.33|gain|VCV000599666|chr1:82154-1289863)x3|Benign(Last reviewed: Mar 5, 2012)|not provided|"DVL1|SCNN1D|TNFRSF4|TNFRSF18|ISG15|NOC2L|SDF4|MXRA8|INTS11|C1orf159|HES4|CPTP|OR4F16|TAS1R3|PLEKHN1|ACAP3|UBE2J2|PUSL1|B3GALT6|SAMD11|TTLL10|KLHL17|AGRN|C1QTNF12|RNF223|MIR200A|MIR200B|MIR429|OR4F29"||||||||||no assertion criteria provided|599666|591002||||||||||clinvar
1|82154|1289835|1p36.33|gain|VCV000599665|chr1:82154-1289835)x3|Benign(Last reviewed: Mar 8, 2013)|not provided|"DVL1|SCNN1D|TNFRSF4|TNFRSF18|ISG15|NOC2L|SDF4|MXRA8|INTS11|C1orf159|HES4|CPTP|OR4F16|TAS1R3|PLEKHN1|ACAP3|UBE2J2|PUSL1|B3GALT6|SAMD11|TTLL10|KLHL17|AGRN|C1QTNF12|RNF223|MIR200A|MIR200B|MIR429|OR4F29"||||||||||no assertion criteria provided|599665|591001||||||||||clinvar
1|82154|1226512|1p36.33|gain|VCV000599664|chr1:82154-1226512)x3|Benign(Last reviewed: Mar 15, 2013)|not provided|"SCNN1D|TNFRSF4|TNFRSF18|ISG15|NOC2L|SDF4|C1orf159|HES4|OR4F16|PLEKHN1|UBE2J2|B3GALT6|SAMD11|TTLL10|KLHL17|AGRN|C1QTNF12|RNF223|MIR200A|MIR200B|MIR429|OR4F29"||||||||||no assertion criteria provided|599664|591000||||||||||clinvar
1|82154|867635|1p36.33|gain|VCV000599662|chr1:82154-867635)x3|Benign(Last reviewed: Jan 23, 2015)|not provided|"OR4F16|SAMD11|OR4F29"||||||||||no assertion criteria provided|599662|590998||||||||||clinvar
1|82154|847983|1p36.33|gain|VCV000599661|chr1:82154-847983)x4|Benign(Last reviewed: Jan 6, 2015)|not provided|"OR4F16|OR4F29"||||||||||no assertion criteria provided|599661|590997||||||||||clinvar
1|82154|11784118|1p36.33-36.22|loss|VCV000638124|chr1:82154-11784118)x1|Pathogenic(Last reviewed: Oct 22, 2018)|See cases|"GPR157|SPSB1|CPTP|TAS1R1|OR4F16|CCNL2|ESPN|TAS1R3|ATAD3B|PLEKHN1|SLC25A33|LZIC|CFAP74|THAP3|FBXO44|RBP7|ACAP3|UBE2J2|PUSL1|B3GALT6|TPRG1L|PRXL2B|ACTRT2|MIB2|C1orf127|SAMD11|PHF13|CCDC27|SLC2A7|CALML6|TMEM201|FAAP20|ATAD3C|TTLL10|NPHP4|C1orf174|KLHL17|TMEM240|TMEM52|DRAXIN|AGRN|CENPS|GPR153|C1QTNF12|HES5|SMIM1|RNF207|HES3|RNF223|MIR200A|MIR200B|MIR34A|ANKRD65|MIR429|TMEM88B|FNDC10|MIR551A|CDK11A|SLC35E2B|OR4F29|TTC34|ENO1-AS1|CENPS-CORT|RERE|CA6|CDK11B|CORT|DFFA|DFFB|DVL1|MEGF6|ENO1|MTOR|GABRD|GNB1|ZBTB48|TNFRSF9|PEX10|PEX14|PGD|PIK3CD|EXOSC10|PRKCZ|RPL22|SCNN1D|SKI|SLC2A5|SRM|TP73|TNFRSF4|MMP23B|KCNAB2|TNFRSF25|TNFRSF14|TNFRSF18|PER3|VAMP3|H6PD|ISG15|PLCH2|CEP104|KLHL21|SLC35E2A|ANGPTL7|UBE4B|MAD2L2|MASP2|UTS2|RER1|PARK7|ACOT7|CLSTN1|KIF1B|CAMTA1|TARDBP|ICMT|CHD5|NOC2L|FBXO2|FBXO6|ARHGEF16|SSU72|UBIAD1|WRAP73|SLC45A1|SDF4|ERRFI1|MXRA8|HES2|CASZ1|INTS11|C1orf159|AURKAIP1|MRPL20|ATAD3A|PANK4|DNAJC11|AJAP1|CTNNBIP1|PLEKHG5|LRRC47|DISP3|HES4|PRDM16|NMNAT1|VWA1|NADK|MMEL1|NOL9|MORN1"||||||||||criteria provided, single submitter|638124|625945||||||||||clinvar
1|82154|7637060|1p36.33-36.23|loss|VCV000638116|chr1:82154-7637060)x1|Pathogenic(Last reviewed: Sep 19, 2018)|See cases|"CDK11B|DFFB|DVL1|MEGF6|GABRD|GNB1|ZBTB48|PEX10|PRKCZ|RPL22|SCNN1D|SKI|TP73|TNFRSF4|MMP23B|KCNAB2|TNFRSF25|TNFRSF14|TNFRSF18|ISG15|PLCH2|CEP104|KLHL21|SLC35E2A|RER1|ACOT7|CAMTA1|ICMT|CHD5|NOC2L|ARHGEF16|SSU72|WRAP73|SDF4|MXRA8|HES2|INTS11|C1orf159|AURKAIP1|MRPL20|ATAD3A|PANK4|DNAJC11|AJAP1|PLEKHG5|LRRC47|HES4|PRDM16|VWA1|NADK|MMEL1|NOL9|MORN1|CPTP|TAS1R1|OR4F16|CCNL2|ESPN|TAS1R3|ATAD3B|PLEKHN1|CFAP74|THAP3|ACAP3|UBE2J2|PUSL1|B3GALT6|TPRG1L|PRXL2B|ACTRT2|MIB2|SAMD11|PHF13|CCDC27|CALML6|FAAP20|ATAD3C|TTLL10|NPHP4|C1orf174|KLHL17|TMEM240|TMEM52|AGRN|GPR153|C1QTNF12|HES5|SMIM1|RNF207|HES3|RNF223|MIR200A|MIR200B|ANKRD65|MIR429|TMEM88B|FNDC10|MIR551A|CDK11A|SLC35E2B|OR4F29|TTC34"||||||||||criteria provided, single submitter|638116|625937||||||||||clinvar
1|82154|7936272|1p36.33-36.23|loss|VCV000599668|chr1:82154-7936272)x1|Pathogenic(Last reviewed: Jul 13, 2015)|not provided|"CDK11B|DFFB|DVL1|MEGF6|GABRD|GNB1|ZBTB48|PEX10|PRKCZ|RPL22|SCNN1D|SKI|TP73|TNFRSF4|MMP23B|KCNAB2|TNFRSF25|TNFRSF14|TNFRSF18|PER3|VAMP3|ISG15|PLCH2|CEP104|KLHL21|SLC35E2A|UTS2|RER1|ACOT7|CAMTA1|ICMT|CHD5|NOC2L|ARHGEF16|SSU72|WRAP73|SDF4|MXRA8|HES2|INTS11|C1orf159|AURKAIP1|MRPL20|ATAD3A|PANK4|DNAJC11|AJAP1|PLEKHG5|LRRC47|HES4|PRDM16|VWA1|NADK|MMEL1|NOL9|MORN1|CPTP|TAS1R1|OR4F16|CCNL2|ESPN|TAS1R3|ATAD3B|PLEKHN1|CFAP74|THAP3|ACAP3|UBE2J2|PUSL1|B3GALT6|TPRG1L|PRXL2B|ACTRT2|MIB2|SAMD11|PHF13|CCDC27|CALML6|FAAP20|ATAD3C|TTLL10|NPHP4|C1orf174|KLHL17|TMEM240|TMEM52|AGRN|GPR153|C1QTNF12|HES5|SMIM1|RNF207|HES3|RNF223|MIR200A|MIR200B|ANKRD65|MIR429|TMEM88B|FNDC10|MIR551A|CDK11A|SLC35E2B|OR4F29|TTC34"||||||||||no assertion criteria provided|599668|591004||||||||||clinvar
1|82154|3340855|1p36.33-36.32|loss|VCV000599667|chr1:82154-3340855)x1|Pathogenic(Last reviewed: Mar 10, 2016)|not provided|"CDK11B|DVL1|GABRD|GNB1|PEX10|PRKCZ|SCNN1D|SKI|TNFRSF4|MMP23B|TNFRSF14|TNFRSF18|ISG15|PLCH2|SLC35E2A|RER1|NOC2L|SSU72|SDF4|MXRA8|INTS11|C1orf159|AURKAIP1|MRPL20|ATAD3A|PANK4|HES4|PRDM16|VWA1|NADK|MMEL1|MORN1|CPTP|OR4F16|CCNL2|TAS1R3|ATAD3B|PLEKHN1|CFAP74|ACAP3|UBE2J2|PUSL1|B3GALT6|PRXL2B|ACTRT2|MIB2|SAMD11|CALML6|FAAP20|ATAD3C|TTLL10|KLHL17|TMEM240|TMEM52|AGRN|C1QTNF12|HES5|RNF223|MIR200A|MIR200B|ANKRD65|MIR429|TMEM88B|FNDC10|CDK11A|SLC35E2B|OR4F29|TTC34"||||||||||no assertion criteria provided|599667|591003||||||||||clinvar
1|82154|1036959|1p36.33|loss|VCV000599663|chr1:82154-1036959)x1|Pathogenic(Last reviewed: Jun 21, 2016)|not provided|"ISG15|NOC2L|C1orf159|HES4|OR4F16|PLEKHN1|SAMD11|KLHL17|AGRN|RNF223|OR4F29"||||||||||no assertion criteria provided|599663|590999||||||||||clinvar
1|82154|12699337|1p36.33-36.22|loss|VCV000252976|chr1:82154-12699337)x1|Pathogenic(Last reviewed: Jun 6, 2016)|See cases|"CDK11B|CLCN6|RERE|CA6|TNFRSF8|CORT|DFFA|DFFB|DVL1|MEGF6|ENO1|MTOR|GABRD|GNB1|ZBTB48|TNFRSF9|MTHFR|NPPA|NPPB|PEX10|PEX14|PGD|PIK3CD|PLOD1|EXOSC10|PRKCZ|RPL22|SCNN1D|SKI|SLC2A5|SRM|TNFRSF1B|TP73|TNFRSF4|MMP23B|KCNAB2|TNFRSF25|TNFRSF14|TNFRSF18|PER3|DHRS3|VAMP3|H6PD|ISG15|PLCH2|CEP104|KLHL21|SLC35E2A|MFN2|ANGPTL7|UBE4B|MAD2L2|MASP2|UTS2|RER1|PARK7|ACOT7|CLSTN1|KIF1B|CAMTA1|TARDBP|ICMT|CHD5|NOC2L|FBXO2|FBXO6|ARHGEF16|SSU72|UBIAD1|WRAP73|SLC45A1|SDF4|ERRFI1|MXRA8|HES2|CASZ1|INTS11|C1orf159|AURKAIP1|MRPL20|VPS13D|ATAD3A|PANK4|DNAJC11|AJAP1|CTNNBIP1|AGTRAP|PLEKHG5|LRRC47|DISP3|HES4|MIIP|PRDM16|NMNAT1|VWA1|NADK|MMEL1|NOL9|MORN1|GPR157|SPSB1|CPTP|TAS1R1|OR4F16|CCNL2|ESPN|TAS1R3|ATAD3B|PLEKHN1|SLC25A33|LZIC|CFAP74|KIAA2013|THAP3|FBXO44|RBP7|ACAP3|UBE2J2|PUSL1|B3GALT6|TPRG1L|PRXL2B|ACTRT2|MIB2|C1orf127|SAMD11|PHF13|CCDC27|SLC2A7|CALML6|TMEM201|FAAP20|ATAD3C|TTLL10|NPHP4|C1orf167|C1orf174|KLHL17|TMEM240|TMEM52|DRAXIN|AGRN|CENPS|GPR153|C1QTNF12|HES5|SMIM1|RNF207|HES3|RNF223|MIR200A|MIR200B|MIR34A|ANKRD65|MIR429|TMEM88B|FNDC10|MIR551A|CDK11A|SLC35E2B|OR4F29|TTC34|ENO1-AS1|CENPS-CORT"||||||||||criteria provided, single submitter|252976|247379||||||||||clinvar
1|83177|92104|||||||||3|40||0.075|||42M calls|||||0|0|1|3|0.075|0.555277708|0.555277708|||decipher
1|86778|91967||Gain|gssvG97||||||13|77|African 6:Asian 3:European 2:Mexican 0:MiddleEast 0:NativeAmerican 0:NorthAmerican 0:Oceania 1:SouthAmerican 1:Turkish 0:Admixed 0:Unknown 0|0.1688|NimbleGen42M,AgilentCustom_015685+015686+244K,Illumina_HiSeq|3|Perry2008,Conrad2009,Sudmant2013|7|||||||||||||DGV
1|86778|91967||Gain|gssvG97||||||13|77|African 6:Asian 3:European 2:Mexican 0:MiddleEast 0:NativeAmerican 0:NorthAmerican 0:Oceania 1:SouthAmerican 1:Turkish 0:Admixed 0:Unknown 0|0.1688|NimbleGen42M,AgilentCustom_015685+015686+244K,Illumina_HiSeq|3|Perry2008,Conrad2009,Sudmant2013|7|||||||||||||DGV
1|86778|91967||Gain|gssvG97||||||13|77|African 6:Asian 3:European 2:Mexican 0:MiddleEast 0:NativeAmerican 0:NorthAmerican 0:Oceania 1:SouthAmerican 1:Turkish 0:Admixed 0:Unknown 0|0.1688|NimbleGen42M,AgilentCustom_015685+015686+244K,Illumina_HiSeq|3|Perry2008,Conrad2009,Sudmant2013|7|||||||||||||DGV
1|87433|89163||Loss|gssvL54||||||2|64|African 0:Asian 0:European 1:Mexican 0:MiddleEast 0:NativeAmerican 0:NorthAmerican 0:Oceania 0:SouthAmerican 0:Turkish 0:Admixed 0:Unknown 1|0.0313|NimbleGen42M,SangerSequencing|2|Mills2006,Conrad2009|1|||||||||||||DGV
1|87433|89163||Loss|gssvL54||||||2|64|African 0:Asian 0:European 1:Mexican 0:MiddleEast 0:NativeAmerican 0:NorthAmerican 0:Oceania 0:SouthAmerican 0:Turkish 0:Admixed 0:Unknown 1|0.0313|NimbleGen42M,SangerSequencing|2|Mills2006,Conrad2009|1|||||||||||||DGV
1|87433|89163||Loss|gssvL54||||||2|64|African 0:Asian 0:European 1:Mexican 0:MiddleEast 0:NativeAmerican 0:NorthAmerican 0:Oceania 0:SouthAmerican 0:Turkish 0:Admixed 0:Unknown 1|0.0313|NimbleGen42M,SangerSequencing|2|Mills2006,Conrad2009|1|||||||||||||DGV
1|87433|89163|||||||||1|40||0.025|||42M calls|||||1|0.025|0.987420883|0|0|1|0.987420883|||decipher
1|87433|89163|||||||||4|450||0.008888889|||42M genotyped|||||4|0.008888889|0.497772817|0|0|1|0.497772817|||decipher
1|87446|109121|||||||||1|40||0.025|||42M calls|||||1|0.025|0.987420883|0|0|1|0.987420883|||decipher
1|91317|125400||Gain|gssvG30||||||11|11|African 4:Asian 2:European 2:Mexican 0:MiddleEast 0:NativeAmerican 0:NorthAmerican 0:Oceania 1:SouthAmerican 1:Turkish 1:Admixed 0:Unknown 0|1|Illumina_HiSeq|1|Sudmant2013,Dogan2014|8|||||||||||||DGV
1|91317|125400||Gain|gssvG30||||||11|11|African 4:Asian 2:European 2:Mexican 0:MiddleEast 0:NativeAmerican 0:NorthAmerican 0:Oceania 1:SouthAmerican 1:Turkish 1:Admixed 0:Unknown 0|1|Illumina_HiSeq|1|Sudmant2013,Dogan2014|8|||||||||||||DGV
1|91317|125400||Gain|gssvG30||||||11|11|African 4:Asian 2:European 2:Mexican 0:MiddleEast 0:NativeAmerican 0:NorthAmerican 0:Oceania 1:SouthAmerican 1:Turkish 1:Admixed 0:Unknown 0|1|Illumina_HiSeq|1|Sudmant2013,Dogan2014|8|||||||||||||DGV
1|99236|410524|1p36.33|gain|VCV000599670|chr1:99236-410524)x3|Benign(Last reviewed: May 7, 2012)|not provided|OR4F29||||||||||no assertion criteria provided|599670|591006||||||||||clinvar
